{
  "spider.wings.open": {
    "sounds": [
      "spider_man/wings_open"
    ],
    "category": "player"
  },
  "spider.wings.close": {
    "sounds": [
      "spider_man/wings_close"
    ],
    "category": "player"
  },
  "white_tiger.attack": {
    "sounds": [
      "white_tiger/attack1",
      "white_tiger/attack2"
    ],
    "category": "player"
  },
  "white_tiger.claws_enable": {
    "sounds": [
      "white_tiger/claws_enable"
    ],
    "category": "player"
  },
  "white_tiger.claws_disable": {
    "sounds": [
      "white_tiger/claws_disable"
    ],
    "category": "player"
  },
  "kingpin.jewel.loop": {
    "sounds": [
      "kingpin/jewel_loop"
    ],
    "category": "player"
  },
  "kingpin.jewel.charged": {
    "sounds": [
      "kingpin/jewel_charge"
    ],
    "category": "player"
  },
  "vulture.shoot": {
    "sounds": [
      "vulture/shoot1",
      "vulture/shoot2"
    ],
    "category": "player"
  },
  "punisher.m16.shoot": {
    "sounds": [
      "punisher/m16/shoot"
    ],
    "category": "player"
  },
  "punisher.m16.reload": {
    "sounds": [
      "punisher/m16/reload"
    ],
    "category": "player"
  },
  "vulture.flight.enable": {
    "sounds": [
      "vulture/flight_enable"
    ],
    "category": "player"
  },
  "vulture.flight.disable": {
    "sounds": [
      "vulture/flight_disable"
    ],
    "category": "player"
  },
  "vulture.flight.roll": {
    "sounds": [
      "vulture/flight_roll"
    ],
    "category": "player"
  },
  "shocker.gauntlet.on": {
    "sounds": [
      "shocker/gauntlet_on"
    ],
    "category": "player"
  },
  "shocker.gauntlet.off": {
    "sounds": [
      "shocker/gauntlet_off"
    ],
    "category": "player"
  },
  "shocker.punch": {
    "sounds": [
      "shocker/punch",
      "shocker/punch2"
    ],
    "category": "player"
  },
  "shocker.leap": {
    "sounds": [
      "shocker/leap"
    ],
    "category": "player"
  },
  "shocker.blast" : {
    "sounds": [
      "shocker/gauntlet_blast"
    ],
    "category": "player"
  },
  "shocker.beam.charge": {
    "sounds": [
      "shocker/shocker_charge",
      "shocker/shocker_charge2"
    ],
    "category": "player"
  },
  "shocker.beam.start": {
    "sounds": [
      "shocker/shocker_beam_start"
    ],
    "category": "player"
  },
  "shocker.beam.stop": {
    "sounds": [
      "shocker/shocker_beam_stop"
    ],
    "category": "player"
  },
  "shocker.shield": {
    "sounds": [
      "shocker/shield"
    ],
    "category": "player"
  }
}