{
  "vulture.shoot": {
    "sounds": [
      "vulture/shoot1"
    ],
    "category": "player"
  },
  "shocker.gauntlet.on": {
    "sounds": [
      "shocker/gauntlet_on"
    ],
    "category": "player"
  },
  "shocker.gauntlet.off": {
    "sounds": [
      "shocker/gauntlet_off"
    ],
    "category": "player"
  },
  "shocker.punch": {
    "sounds": [
      "shocker/punch",
      "shocker/punch2"
    ],
    "category": "player"
  },
  "shocker.leap": {
    "sounds": [
      "shocker/leap"
    ],
    "category": "player"
  },
  "shocker.blast" : {
    "sounds": [
      "shocker/gauntlet_blast"
    ],
    "category": "player"
  },
  "shocker.beam.charge": {
    "sounds": [
      "shocker/shocker_charge",
      "shocker/shocker_charge2"
    ],
    "category": "player"
  },
  "shocker.beam.start": {
    "sounds": [
      "shocker/shocker_beam_start"
    ],
    "category": "player"
  },
  "shocker.beam.stop": {
    "sounds": [
      "shocker/shocker_beam_stop"
    ],
    "category": "player"
  },
  "shocker.shield": {
    "sounds": [
      "shocker/shield"
    ],
    "category": "player"
  }
}